id,url,label
1,"https://ss0.bdstatic.com/70cFuHSh_Q1YnxGkpoWK1HF6hhy/it/u=1460604951,699087535&fm=27&gp=0.jpg",1
2,"https://ss1.bdstatic.com/70cFuXSh_Q1YnxGkpoWK1HF6hhy/it/u=529425694,3054181747&fm=27&gp=0.jpg",1
3,"https://ss0.bdstatic.com/70cFuHSh_Q1YnxGkpoWK1HF6hhy/it/u=3186720115,2966453215&fm=27&gp=0.jpg",1
4,https://timgsa.baidu.com/timg?image&quality=80&size=b9999_10000&sec=1533308340681&di=51990efb1016ffe1a8c5eebaa22c1f78&imgtype=0&src=http%3A%2F%2Fwww.hkhselderly.com%2FPublish%2Fupload%2F20120910_1.jpg,2
5,https://timgsa.baidu.com/timg?image&quality=80&size=b9999_10000&sec=1533308594750&di=3f899643674d5f516a862b965e4caae6&imgtype=0&src=http%3A%2F%2Fimages3.qianyan.biz%2Fqy%2F1%2F6%2F95%2F20137310261597876081.jpg,2
6,"https://ss0.bdstatic.com/70cFuHSh_Q1YnxGkpoWK1HF6hhy/it/u=1460604951,699087535&fm=27&gp=0.jpg",2
7,"https://f12.baidu.com/it/u=3356543800,4230342167&fm=72",3
8,"https://ss0.bdstatic.com/70cFvHSh_Q1YnxGkpoWK1HF6hhy/it/u=2239719104,485580076&fm=200&gp=0.jpg",3
9,"https://f12.baidu.com/it/u=3262129395,1332555743&fm=72",3
10,"https://ss1.bdstatic.com/70cFuXSh_Q1YnxGkpoWK1HF6hhy/it/u=529425694,3054181747&fm=27&gp=0.jpg",4
11,https://timgsa.baidu.com/timg?image&quality=80&size=b9999_10000&sec=1533309373658&di=90ad600d1114a14398606240dd6a7571&imgtype=0&src=http%3A%2F%2Fwww.wkss.cn%2Fuploadpic%2F20140811104826232.jpg,4
12,"https://ss0.bdstatic.com/70cFvHSh_Q1YnxGkpoWK1HF6hhy/it/u=1957906484,83431234&fm=27&gp=0.jpg",4
13,"https://ss0.bdstatic.com/70cFvHSh_Q1YnxGkpoWK1HF6hhy/it/u=2052742457,1331330749&fm=27&gp=0.jpg",5
14,"https://ss0.bdstatic.com/70cFuHSh_Q1YnxGkpoWK1HF6hhy/it/u=3186720115,2966453215&fm=27&gp=0.jpg",5
15,"https://ss0.bdstatic.com/70cFvHSh_Q1YnxGkpoWK1HF6hhy/it/u=1273442956,3995847324&fm=200&gp=0.jpg",5
16,"https://ss1.bdstatic.com/70cFvXSh_Q1YnxGkpoWK1HF6hhy/it/u=236431851,2893204054&fm=27&gp=0.jpg",6
17,"https://ss0.bdstatic.com/70cFuHSh_Q1YnxGkpoWK1HF6hhy/it/u=1695865328,236220686&fm=27&gp=0.jpg",6
18,"https://ss1.bdstatic.com/70cFuXSh_Q1YnxGkpoWK1HF6hhy/it/u=3659546048,2327899573&fm=27&gp=0.jpg",6
